-- Primeiro vamos inserir na tabela CLINICA (tabela base)
INSERT INTO CLINICA (ID_CLINICA, NOME_CLINICA, ENDERECO_CLINICA, CNPJ, TELEFONE_CLINICA) VALUES (1, 'Clínica Saúde Total', 'Av. Paulista, 1000, São Paulo-SP', '12345678901234', '(11) 3456-7890');
INSERT INTO CLINICA (ID_CLINICA, NOME_CLINICA, ENDERECO_CLINICA, CNPJ, TELEFONE_CLINICA) VALUES (2, 'Centro Médico Bem Estar', 'Rua Augusta, 500, São Paulo-SP', '23456789012345', '(11) 2345-6789');
INSERT INTO CLINICA (ID_CLINICA, NOME_CLINICA, ENDERECO_CLINICA, CNPJ, TELEFONE_CLINICA) VALUES (3, 'Clínica Vida Plena', 'Av. Rio Branco, 300, Rio de Janeiro-RJ', '34567890123456', '(21) 3456-7891');
INSERT INTO CLINICA (ID_CLINICA, NOME_CLINICA, ENDERECO_CLINICA, CNPJ, TELEFONE_CLINICA) VALUES (4, 'Instituto Médico Excelência', 'Av. Atlântica, 200, Rio de Janeiro-RJ', '45678901234567', '(21) 3456-7892');
INSERT INTO CLINICA (ID_CLINICA, NOME_CLINICA, ENDERECO_CLINICA, CNPJ, TELEFONE_CLINICA) VALUES (5, 'Clínica Integrada Saúde', 'Rua das Flores, 150, Belo Horizonte-MG', '56789012345678', '(31) 3456-7893');
INSERT INTO CLINICA (ID_CLINICA, NOME_CLINICA, ENDERECO_CLINICA, CNPJ, TELEFONE_CLINICA) VALUES (6, 'Centro de Saúde Familiar', 'Av. Sete de Setembro, 800, Salvador-BA', '67890123456789', '(71) 3456-7894');
INSERT INTO CLINICA (ID_CLINICA, NOME_CLINICA, ENDERECO_CLINICA, CNPJ, TELEFONE_CLINICA) VALUES (7, 'Policlínica do Bem', 'Av. Boa Viagem, 400, Recife-PE', '78901234567890', '(81) 3456-7895');
INSERT INTO CLINICA (ID_CLINICA, NOME_CLINICA, ENDERECO_CLINICA, CNPJ, TELEFONE_CLINICA) VALUES (8, 'Clínica Horizonte', 'Rua das Palmeiras, 350, Fortaleza-CE', '89012345678901', '(85) 3456-7896');
INSERT INTO CLINICA (ID_CLINICA, NOME_CLINICA, ENDERECO_CLINICA, CNPJ, TELEFONE_CLINICA) VALUES (9, 'Centro Diagnóstico Moderno', 'Av. Santos Dumont, 600, Brasília-DF', '90123456789012', '(61) 3456-7897');
INSERT INTO CLINICA (ID_CLINICA, NOME_CLINICA, ENDERECO_CLINICA, CNPJ, TELEFONE_CLINICA) VALUES (10, 'Clínica Especializada Saúde', 'Rua XV de Novembro, 250, Curitiba-PR', '01234567890123', '(41) 3456-7898');

-- Agora vamos inserir na tabela SECRETARIA (que referencia CLINICA)
INSERT INTO SECRETARIA (ID_SECRETARIA, NOME_SECRETARIA, ENDERECO_SECRETARIA, TELEFONE_SECRETARIA, ID_CLINICA) VALUES (1, 'Maria Silva', 'Rua das Acácias, 100, São Paulo-SP', '(11) 98765-4321', 1);
INSERT INTO SECRETARIA (ID_SECRETARIA, NOME_SECRETARIA, ENDERECO_SECRETARIA, TELEFONE_SECRETARIA, ID_CLINICA) VALUES (2, 'João Oliveira', 'Av. Brigadeiro Faria Lima, 200, São Paulo-SP', '(11) 98765-4322', 2);
INSERT INTO SECRETARIA (ID_SECRETARIA, NOME_SECRETARIA, ENDERECO_SECRETARIA, TELEFONE_SECRETARIA, ID_CLINICA) VALUES (3, 'Ana Santos', 'Rua Voluntários da Pátria, 300, Rio de Janeiro-RJ', '(21) 98765-4323', 3);
INSERT INTO SECRETARIA (ID_SECRETARIA, NOME_SECRETARIA, ENDERECO_SECRETARIA, TELEFONE_SECRETARIA, ID_CLINICA) VALUES (4, 'Carlos Pereira', 'Av. Nossa Senhora de Copacabana, 400, Rio de Janeiro-RJ', '(21) 98765-4324', 4);
INSERT INTO SECRETARIA (ID_SECRETARIA, NOME_SECRETARIA, ENDERECO_SECRETARIA, TELEFONE_SECRETARIA, ID_CLINICA) VALUES (5, 'Fernanda Lima', 'Rua Pernambuco, 150, Belo Horizonte-MG', '(31) 98765-4325', 5);
INSERT INTO SECRETARIA (ID_SECRETARIA, NOME_SECRETARIA, ENDERECO_SECRETARIA, TELEFONE_SECRETARIA, ID_CLINICA) VALUES (6, 'Roberto Costa', 'Rua Carlos Gomes, 180, Salvador-BA', '(71) 98765-4326', 6);
INSERT INTO SECRETARIA (ID_SECRETARIA, NOME_SECRETARIA, ENDERECO_SECRETARIA, TELEFONE_SECRETARIA, ID_CLINICA) VALUES (7, 'Juliana Ferreira', 'Av. Agamenon Magalhães, 220, Recife-PE', '(81) 98765-4327', 7);
INSERT INTO SECRETARIA (ID_SECRETARIA, NOME_SECRETARIA, ENDERECO_SECRETARIA, TELEFONE_SECRETARIA, ID_CLINICA) VALUES (8, 'Paulo Mendes', 'Rua Padre Valdevino, 280, Fortaleza-CE', '(85) 98765-4328', 8);
INSERT INTO SECRETARIA (ID_SECRETARIA, NOME_SECRETARIA, ENDERECO_SECRETARIA, TELEFONE_SECRETARIA, ID_CLINICA) VALUES (9, 'Sandra Rocha', 'SGAS 915, Brasília-DF', '(61) 98765-4329', 9);
INSERT INTO SECRETARIA (ID_SECRETARIA, NOME_SECRETARIA, ENDERECO_SECRETARIA, TELEFONE_SECRETARIA, ID_CLINICA) VALUES (10, 'Ricardo Lopes', 'Rua Comendador Araújo, 320, Curitiba-PR', '(41) 98765-4330', 10);

-- Inserindo dados na tabela MEDICO
INSERT INTO MEDICO (ID_MEDICO, NOME_MEDICO, ENDERECO_MEDICO, CRM, TELEFONE_MEDICO) VALUES (1, 'Dr. André Campos', 'Av. Brasil, 500, São Paulo-SP', 'CRM-SP 12345', '(11) 97654-3210');
INSERT INTO MEDICO (ID_MEDICO, NOME_MEDICO, ENDERECO_MEDICO, CRM, TELEFONE_MEDICO) VALUES (2, 'Dra. Beatriz Martins', 'Rua Oscar Freire, 300, São Paulo-SP', 'CRM-SP 23456', '(11) 97654-3211');
INSERT INTO MEDICO (ID_MEDICO, NOME_MEDICO, ENDERECO_MEDICO, CRM, TELEFONE_MEDICO) VALUES (3, 'Dr. Carlos Freitas', 'Av. Vieira Souto, 200, Rio de Janeiro-RJ', 'CRM-RJ 34567', '(21) 97654-3212');
INSERT INTO MEDICO (ID_MEDICO, NOME_MEDICO, ENDERECO_MEDICO, CRM, TELEFONE_MEDICO) VALUES (4, 'Dra. Daniela Ribeiro', 'Rua Barata Ribeiro, 150, Rio de Janeiro-RJ', 'CRM-RJ 45678', '(21) 97654-3213');
INSERT INTO MEDICO (ID_MEDICO, NOME_MEDICO, ENDERECO_MEDICO, CRM, TELEFONE_MEDICO) VALUES (5, 'Dr. Eduardo Santos', 'Av. Afonso Pena, 400, Belo Horizonte-MG', 'CRM-MG 56789', '(31) 97654-3214');
INSERT INTO MEDICO (ID_MEDICO, NOME_MEDICO, ENDERECO_MEDICO, CRM, TELEFONE_MEDICO) VALUES (6, 'Dra. Flávia Gonçalves', 'Av. Tancredo Neves, 250, Salvador-BA', 'CRM-BA 67890', '(71) 97654-3215');
INSERT INTO MEDICO (ID_MEDICO, NOME_MEDICO, ENDERECO_MEDICO, CRM, TELEFONE_MEDICO) VALUES (7, 'Dr. Gustavo Lima', 'Rua da Aurora, 180, Recife-PE', 'CRM-PE 78901', '(81) 97654-3216');
INSERT INTO MEDICO (ID_MEDICO, NOME_MEDICO, ENDERECO_MEDICO, CRM, TELEFONE_MEDICO) VALUES (8, 'Dra. Helena Rocha', 'Av. Desembargador Moreira, 120, Fortaleza-CE', 'CRM-CE 89012', '(85) 97654-3217');
INSERT INTO MEDICO (ID_MEDICO, NOME_MEDICO, ENDERECO_MEDICO, CRM, TELEFONE_MEDICO) VALUES (9, 'Dr. Igor Mendonça', 'SHIS QI 15, Brasília-DF', 'CRM-DF 90123', '(61) 97654-3218');
INSERT INTO MEDICO (ID_MEDICO, NOME_MEDICO, ENDERECO_MEDICO, CRM, TELEFONE_MEDICO) VALUES (10, 'Dra. Juliana Peixoto', 'Rua Padre Anchieta, 140, Curitiba-PR', 'CRM-PR 01234', '(41) 97654-3219');

-- Inserindo dados na tabela PACIENTE
INSERT INTO PACIENTE (ID_PACIENTE, NOME_PACIENTE, ENDERECO_PACIENTE, CPF, TELEFONE_PACIENTE) VALUES (1, 'Marcos Silveira', 'Rua Teodoro Sampaio, 800, São Paulo-SP', '123.456.789-00', '(11) 99876-5432');
INSERT INTO PACIENTE (ID_PACIENTE, NOME_PACIENTE, ENDERECO_PACIENTE, CPF, TELEFONE_PACIENTE) VALUES (2, 'Patrícia Moraes', 'Av. Rebouças, 600, São Paulo-SP', '234.567.890-11', '(11) 99876-5433');
INSERT INTO PACIENTE (ID_PACIENTE, NOME_PACIENTE, ENDERECO_PACIENTE, CPF, TELEFONE_PACIENTE) VALUES (3, 'Rafaela Castro', 'Rua Visconde de Pirajá, 400, Rio de Janeiro-RJ', '345.678.901-22', '(21) 99876-5434');
INSERT INTO PACIENTE (ID_PACIENTE, NOME_PACIENTE, ENDERECO_PACIENTE, CPF, TELEFONE_PACIENTE) VALUES (4, 'Sérgio Nogueira', 'Av. das Américas, 1200, Rio de Janeiro-RJ', '456.789.012-33', '(21) 99876-5435');
INSERT INTO PACIENTE (ID_PACIENTE, NOME_PACIENTE, ENDERECO_PACIENTE, CPF, TELEFONE_PACIENTE) VALUES (5, 'Talita Medeiros', 'Rua Professor Morais, 300, Belo Horizonte-MG', '567.890.123-44', '(31) 99876-5436');
INSERT INTO PACIENTE (ID_PACIENTE, NOME_PACIENTE, ENDERECO_PACIENTE, CPF, TELEFONE_PACIENTE) VALUES (6, 'Ulisses Borges', 'Av. ACM, 500, Salvador-BA', '678.901.234-55', '(71) 99876-5437');
INSERT INTO PACIENTE (ID_PACIENTE, NOME_PACIENTE, ENDERECO_PACIENTE, CPF, TELEFONE_PACIENTE) VALUES (7, 'Viviane Carvalho', 'Rua José de Alencar, 250, Recife-PE', '789.012.345-66', '(81) 99876-5438');
INSERT INTO PACIENTE (ID_PACIENTE, NOME_PACIENTE, ENDERECO_PACIENTE, CPF, TELEFONE_PACIENTE) VALUES (8, 'Wagner Torres', 'Av. Dom Luís, 350, Fortaleza-CE', '890.123.456-77', '(85) 99876-5439');
INSERT INTO PACIENTE (ID_PACIENTE, NOME_PACIENTE, ENDERECO_PACIENTE, CPF, TELEFONE_PACIENTE) VALUES (9, 'Ximena Vieira', 'SQN 305, Brasília-DF', '901.234.567-88', '(61) 99876-5440');
INSERT INTO PACIENTE (ID_PACIENTE, NOME_PACIENTE, ENDERECO_PACIENTE, CPF, TELEFONE_PACIENTE) VALUES (10, 'Yuri Almeida', 'Rua Marechal Deodoro, 280, Curitiba-PR', '012.345.678-99', '(41) 99876-5441');

-- Inserindo dados na tabela PLANO_DE_SAUDE (que referencia PACIENTE)
INSERT INTO PLANO_DE_SAUDE (ID_PLANO, ID_PACIENTE, NUMERO_CARTEIRA, VALIDADE, ABRANGENCIA) VALUES (1, 1, 12345678901, 20271231, 'Nacional');
INSERT INTO PLANO_DE_SAUDE (ID_PLANO, ID_PACIENTE, NUMERO_CARTEIRA, VALIDADE, ABRANGENCIA) VALUES (2, 2, 23456789012, 20281130, 'Nacional');
INSERT INTO PLANO_DE_SAUDE (ID_PLANO, ID_PACIENTE, NUMERO_CARTEIRA, VALIDADE, ABRANGENCIA) VALUES (3, 3, 34567890123, 20291029, 'Regional');
INSERT INTO PLANO_DE_SAUDE (ID_PLANO, ID_PACIENTE, NUMERO_CARTEIRA, VALIDADE, ABRANGENCIA) VALUES (4, 4, 45678901234, 20270928, 'Nacional');
INSERT INTO PLANO_DE_SAUDE (ID_PLANO, ID_PACIENTE, NUMERO_CARTEIRA, VALIDADE, ABRANGENCIA) VALUES (5, 5, 56789012345, 20260827, 'Estadual');
INSERT INTO PLANO_DE_SAUDE (ID_PLANO, ID_PACIENTE, NUMERO_CARTEIRA, VALIDADE, ABRANGENCIA) VALUES (6, 6, 67890123456, 20280726, 'Nacional');
INSERT INTO PLANO_DE_SAUDE (ID_PLANO, ID_PACIENTE, NUMERO_CARTEIRA, VALIDADE, ABRANGENCIA) VALUES (7, 7, 78901234567, 20270625, 'Regional');
INSERT INTO PLANO_DE_SAUDE (ID_PLANO, ID_PACIENTE, NUMERO_CARTEIRA, VALIDADE, ABRANGENCIA) VALUES (8, 8, 89012345678, 20290524, 'Nacional');
INSERT INTO PLANO_DE_SAUDE (ID_PLANO, ID_PACIENTE, NUMERO_CARTEIRA, VALIDADE, ABRANGENCIA) VALUES (9, 9, 90123456789, 20280423, 'Estadual');
INSERT INTO PLANO_DE_SAUDE (ID_PLANO, ID_PACIENTE, NUMERO_CARTEIRA, VALIDADE, ABRANGENCIA) VALUES (10, 10, 01234567890, 20270322, 'Nacional');

-- Inserindo dados na tabela CONSULTAS (que referencia PACIENTE)
INSERT INTO CONSULTAS (ID_CONSULTA, NOME_CLINICA, ENDERECO_CLINICA, TELEFONE_CLINICA, ID_PACIENTE, TIPO_CONSULTA) VALUES (1, 'Clínica Saúde Total', 'Av. Paulista, 1000, São Paulo-SP', '(11) 3456-7890', 1, 'Cardiologia');
INSERT INTO CONSULTAS (ID_CONSULTA, NOME_CLINICA, ENDERECO_CLINICA, TELEFONE_CLINICA, ID_PACIENTE, TIPO_CONSULTA) VALUES (2, 'Centro Médico Bem Estar', 'Rua Augusta, 500, São Paulo-SP', '(11) 2345-6789', 2, 'Dermatologia');
INSERT INTO CONSULTAS (ID_CONSULTA, NOME_CLINICA, ENDERECO_CLINICA, TELEFONE_CLINICA, ID_PACIENTE, TIPO_CONSULTA) VALUES (3, 'Clínica Vida Plena', 'Av. Rio Branco, 300, Rio de Janeiro-RJ', '(21) 3456-7891', 3, 'Ortopedia');
INSERT INTO CONSULTAS (ID_CONSULTA, NOME_CLINICA, ENDERECO_CLINICA, TELEFONE_CLINICA, ID_PACIENTE, TIPO_CONSULTA) VALUES (4, 'Instituto Médico Excelência', 'Av. Atlântica, 200, Rio de Janeiro-RJ', '(21) 3456-7892', 4, 'Neurologia');
INSERT INTO CONSULTAS (ID_CONSULTA, NOME_CLINICA, ENDERECO_CLINICA, TELEFONE_CLINICA, ID_PACIENTE, TIPO_CONSULTA) VALUES (5, 'Clínica Integrada Saúde', 'Rua das Flores, 150, Belo Horizonte-MG', '(31) 3456-7893', 5, 'Oftalmologia');
INSERT INTO CONSULTAS (ID_CONSULTA, NOME_CLINICA, ENDERECO_CLINICA, TELEFONE_CLINICA, ID_PACIENTE, TIPO_CONSULTA) VALUES (6, 'Centro de Saúde Familiar', 'Av. Sete de Setembro, 800, Salvador-BA', '(71) 3456-7894', 6, 'Pediatria');
INSERT INTO CONSULTAS (ID_CONSULTA, NOME_CLINICA, ENDERECO_CLINICA, TELEFONE_CLINICA, ID_PACIENTE, TIPO_CONSULTA) VALUES (7, 'Policlínica do Bem', 'Av. Boa Viagem, 400, Recife-PE', '(81) 3456-7895', 7, 'Ginecologia');
INSERT INTO CONSULTAS (ID_CONSULTA, NOME_CLINICA, ENDERECO_CLINICA, TELEFONE_CLINICA, ID_PACIENTE, TIPO_CONSULTA) VALUES (8, 'Clínica Horizonte', 'Rua das Palmeiras, 350, Fortaleza-CE', '(85) 3456-7896', 8, 'Urologia');
INSERT INTO CONSULTAS (ID_CONSULTA, NOME_CLINICA, ENDERECO_CLINICA, TELEFONE_CLINICA, ID_PACIENTE, TIPO_CONSULTA) VALUES (9, 'Centro Diagnóstico Moderno', 'Av. Santos Dumont, 600, Brasília-DF', '(61) 3456-7897', 9, 'Endocrinologia');
INSERT INTO CONSULTAS (ID_CONSULTA, NOME_CLINICA, ENDERECO_CLINICA, TELEFONE_CLINICA, ID_PACIENTE, TIPO_CONSULTA) VALUES (10, 'Clínica Especializada Saúde', 'Rua XV de Novembro, 250, Curitiba-PR', '(41) 3456-7898', 10, 'Pneumologia');

-- Inserindo dados na tabela EXAMES (que referencia PACIENTE, MEDICO e SECRETARIA)
INSERT INTO EXAMES (ID_EXAME, TIPO_EXAME, DATA_EXAME, ID_PACIENTE, ID_MEDICO, ID_SECRETARIA) VALUES (1, 'Eletrocardiograma', '20250410', 1, 1, 1);
INSERT INTO EXAMES (ID_EXAME, TIPO_EXAME, DATA_EXAME, ID_PACIENTE, ID_MEDICO, ID_SECRETARIA) VALUES (2, 'Exame de Pele', '20250412', 2, 2, 2);
INSERT INTO EXAMES (ID_EXAME, TIPO_EXAME, DATA_EXAME, ID_PACIENTE, ID_MEDICO, ID_SECRETARIA) VALUES (3, 'Raio-X', '20250415', 3, 3, 3);
INSERT INTO EXAMES (ID_EXAME, TIPO_EXAME, DATA_EXAME, ID_PACIENTE, ID_MEDICO, ID_SECRETARIA) VALUES (4, 'Ressonância', '20250418', 4, 4, 4);
INSERT INTO EXAMES (ID_EXAME, TIPO_EXAME, DATA_EXAME, ID_PACIENTE, ID_MEDICO, ID_SECRETARIA) VALUES (5, 'Tonometria', '20250420', 5, 5, 5);
INSERT INTO EXAMES (ID_EXAME, TIPO_EXAME, DATA_EXAME, ID_PACIENTE, ID_MEDICO, ID_SECRETARIA) VALUES (6, 'Hemograma', '20250422', 6, 6, 6);
INSERT INTO EXAMES (ID_EXAME, TIPO_EXAME, DATA_EXAME, ID_PACIENTE, ID_MEDICO, ID_SECRETARIA) VALUES (7, 'Papanicolau', '20250425', 7, 7, 7);
INSERT INTO EXAMES (ID_EXAME, TIPO_EXAME, DATA_EXAME, ID_PACIENTE, ID_MEDICO, ID_SECRETARIA) VALUES (8, 'PSA', '20250428', 8, 8, 8);
INSERT INTO EXAMES (ID_EXAME, TIPO_EXAME, DATA_EXAME, ID_PACIENTE, ID_MEDICO, ID_SECRETARIA) VALUES (9, 'Glicemia', '20250501', 9, 9, 9);
INSERT INTO EXAMES (ID_EXAME, TIPO_EXAME, DATA_EXAME, ID_PACIENTE, ID_MEDICO, ID_SECRETARIA) VALUES (10, 'Espirometria', '20250503', 10, 10, 10);

-- Por último, inserindo dados na tabela HISTORICOS (que referencia EXAMES, MEDICO e SECRETARIA)
-- Certifique-se de que todos os IDs referenciados já existam nas tabelas correspondentes
INSERT INTO HISTORICOS (ID_HISTORICO, ID_EXAME, ID_MEDICO, TIPO_EXAME, TIPO_CONSULTA, ID_SECRETARIA) VALUES (1, 1, 1, 'Eletrocardiograma', 'Cardiologia', 1);
INSERT INTO HISTORICOS (ID_HISTORICO, ID_EXAME, ID_MEDICO, TIPO_EXAME, TIPO_CONSULTA, ID_SECRETARIA) VALUES (2, 2, 2, 'Exame de Pele', 'Dermatologia', 2);
INSERT INTO HISTORICOS (ID_HISTORICO, ID_EXAME, ID_MEDICO, TIPO_EXAME, TIPO_CONSULTA, ID_SECRETARIA) VALUES (3, 3, 3, 'Raio-X', 'Ortopedia', 3);
INSERT INTO HISTORICOS (ID_HISTORICO, ID_EXAME, ID_MEDICO, TIPO_EXAME, TIPO_CONSULTA, ID_SECRETARIA) VALUES (4, 4, 4, 'Ressonância', 'Neurologia', 4);
INSERT INTO HISTORICOS (ID_HISTORICO, ID_EXAME, ID_MEDICO, TIPO_EXAME, TIPO_CONSULTA, ID_SECRETARIA) VALUES (5, 5, 5, 'Tonometria', 'Oftalmologia', 5);
INSERT INTO HISTORICOS (ID_HISTORICO, ID_EXAME, ID_MEDICO, TIPO_EXAME, TIPO_CONSULTA, ID_SECRETARIA) VALUES (6, 6, 6, 'Hemograma', 'Pediatria', 6);
INSERT INTO HISTORICOS (ID_HISTORICO, ID_EXAME, ID_MEDICO, TIPO_EXAME, TIPO_CONSULTA, ID_SECRETARIA) VALUES (7, 7, 7, 'Papanicolau', 'Ginecologia', 7);
INSERT INTO HISTORICOS (ID_HISTORICO, ID_EXAME, ID_MEDICO, TIPO_EXAME, TIPO_CONSULTA, ID_SECRETARIA) VALUES (8, 8, 8, 'PSA', 'Urologia', 8);
INSERT INTO HISTORICOS (ID_HISTORICO, ID_EXAME, ID_MEDICO, TIPO_EXAME, TIPO_CONSULTA, ID_SECRETARIA) VALUES (9, 9, 9, 'Glicemia', 'Endocrinologia', 9);
INSERT INTO HISTORICOS (ID_HISTORICO, ID_EXAME, ID_MEDICO, TIPO_EXAME, TIPO_CONSULTA, ID_SECRETARIA) VALUES (10, 10, 10, 'Espirometria', 'Pneumologia', 10);

-- Se ainda persistir o erro, verifique a estrutura de chaves estrangeiras com:
-- SELECT constraint_name, table_name, r_constraint_name 
-- FROM user_constraints 
-- WHERE constraint_type = 'R';